GEMCODE,NAAM,PLAATSCODE
1674,"Moerstraten","1593"
489,"Barendrecht","1594"
796,"'s-Hertogenbosch","1595"
796,"Rosmalen","1596"
394,"Hoofddorp","1597"
394,"Rozenburg","1598"
160,"Mariënberg","1558"
160,"Radewijk","1559"
160,"Rheeze","1560"
160,"Rheezerveen","1561"
160,"Schuinesloot","1562"
160,"Sibculo","1563"
160,"Slagharen","1564"
160,"Venebrugge","1565"
1742,"Rijssen","1566"
1742,"Holten","1567"
1706,"Maarheeze","1568"
1706,"Soerendonk","1569"
1706,"Gastel","1570"
1706,"Budel","1571"
1706,"Budel-Schoot","1572"
1706,"Budel-Dorplein","1573"
1509,"Varsseveld","1574"
1509,"Westendorp","1575"
1509,"Heelweg","1576"
1509,"Terborg","1577"
1509,"Silvolde","1578"
1509,"Sinderen","1579"
1509,"Ulft","1580"
1509,"Etten","1581"
1509,"Varsselder","1582"
1509,"Netterden","1583"
1509,"Megchelen","1584"
1509,"Gendringen","1585"
1509,"Voorst","1586"
1509,"Breedenbroek","1587"
1674,"Roosendaal","1588"
1674,"Wouw","1589"
1674,"Heerle","1590"
1674,"Nispen","1591"
1674,"Wouwse Plantage","1592"
74,"Haskerdijken","2490"
394,"Oude Meer","1599"
394,"Aalsmeerderbrug","1600"
394,"Rijsenhout","1601"
394,"Nieuw-Vennep","1602"
394,"Burgerveen","1603"
394,"Schiphol-Rijk","1604"
394,"Leimuiderbrug","1605"
394,"Weteringbrug","1606"
394,"Buitenkaag","1607"
394,"Abbenes","1608"
394,"Lisserbroek","1609"
394,"Beinsdorp","1610"
394,"Zwaanshoek","1611"
394,"Cruquius","1612"
394,"Vijfhuizen","1613"
394,"Zwanenburg","1614"
394,"Boesingheliede","1615"
394,"Lijnden","1616"
394,"Badhoevedorp","1617"
394,"Schiphol","1618"
865,"Vught","1619"
865,"Cromvoirt","1620"
1916,"Leidschendam","1621"
1916,"Voorburg","1622"
53,"Winsum","2475"
1901,"Reeuwijk","2476"
1901,"Driebruggen","2477"
1901,"Waarder","2478"
907,"Milsbeek","2479"
907,"Ottersum","2480"
907,"Ven-Zelderheide","2481"
907,"Gennep","2482"
907,"Heijen","2483"
74,"Nieuwebrug","2496"
1911,"Barsingerhorn","2514"
1911,"Haringhuizen","2515"
1911,"Kolhorn","2516"
1911,"Lutjewinkel","2517"
1911,"Nieuwe Niedorp","2518"
1911,"Oude Niedorp","2519"
1911,"'t Veld","2520"
1911,"Winkel","2521"
1911,"Zijdewind","2522"
351,"Woudenberg","2523"
80,"Eagum","2524"
74,"Akkrum","2525"
1900,"Dearsum","2526"
80,"Friens","2527"
80,"Grou","2528"
80,"Idaerd","2529"
80,"Jirnsum","2530"
74,"Nes","2531"
74,"Aldeboarn","2532"
1900,"Poppenwier","2533"
1900,"Raerd","2534"
80,"Reduzum","2535"
1900,"Sibrandabuorren","2536"
1900,"Tersoal","2538"
80,"Wergea","2539"
80,"Warstiens","2540"
58,"Nes","3405"
703,"Krabbendijke","3462"
703,"Kruiningen","3463"
703,"Rilland","3465"
703,"Waarde","3466"
703,"Yerseke","3467"
828,"Lith","3468"
828,"Lithoijen","3469"
828,"Oijen","3470"
828,"Maren-Kessel","3471"
828,"Teeffelen","3472"
263,"Alem","1623"
263,"Ammerzoden","1624"
263,"Hedel","1625"
58,"Niawier","3406"
58,"Oosternijkerk","3407"
58,"Oostrum","3408"
58,"Paesens","3409"
58,"Raard","3410"
58,"Ternaard","3411"
58,"Waaxens","3412"
58,"Wetsens","3413"
58,"Wierum","3414"
1663,"Eenrum","3415"
1663,"Hornhuizen","3416"
1663,"Houwerzijl","3417"
1663,"Kloosterburen","3418"
1663,"Lauwersoog","3419"
1663,"Leens","3420"
1663,"Mensingeweer","3421"
1663,"Niekerk","3422"
1663,"Pieterburen","3423"
1663,"Schouwerzijl","3424"
1663,"Ulrum","3425"
1663,"Vierhuizen","3426"
1663,"Warfhuizen","3427"
1663,"Wehe-den Hoorn","3428"
1663,"Westernieland","3429"
1663,"Zoutkamp","3430"
1663,"Zuurdijk","3431"
1723,"Alphen","3432"
1723,"Chaam","3433"
1723,"Galder","3434"
1723,"Strijbeek","3435"
1723,"Ulvenhout AC","3436"
1723,"Bavel AC","3437"
1894,"Beringe","3438"
1894,"Egchel","3439"
1894,"Grashoek","3440"
1894,"Helden","3441"
1894,"Koningslust","3442"
1894,"Panningen","3443"
24,"Eenum","3444"
24,"Garrelsweer","3445"
24,"Garsthuizen","3446"
24,"Huizinge","3447"
24,"Leermens","3448"
24,"Loppersum","3449"
24,"Middelstum","3450"
24,"Oosterwijtwerd","3451"
24,"Startenhuizen","3452"
24,"Stedum","3453"
24,"Toornwerd","3454"
24,"Westeremden","3455"
24,"Westerwijtwerd","3456"
24,"Wirdum","3457"
24,"'t Zandt","3458"
24,"Zeerijp","3459"
24,"Zijldijk","3460"
703,"Hansweert","3461"
263,"Rossum","1630"
263,"Velddriel","1631"
263,"Well","1632"
1699,"Alteveer","1633"
1699,"Een","1634"
1699,"Een-West","1635"
1699,"Foxwolde","1636"
1699,"Huis ter Heide","1637"
1699,"Langelo","1638"
1699,"Leutingewolde","1639"
1699,"Lieveren","1640"
1699,"Matsloot","1641"
1699,"Nietap","1642"
1699,"Nieuw-Roden","1643"
1699,"Norg","1644"
1699,"Peest","1645"
1699,"Peize","1646"
1699,"Roden","1647"
1699,"Roderesch","1648"
1699,"Roderwolde","1649"
1699,"Steenbergen","1650"
1699,"Veenhuizen","1651"
1699,"Westervelde","1652"
1699,"Zuidvelde","1653"
1859,"Gelselaar","1654"
1859,"Geesteren","1655"
1859,"Neede","1656"
1859,"Rietmolen","1657"
1859,"Ruurlo","1658"
1859,"Borculo","1659"
1859,"Haarlo","1660"
1859,"Beltrum","1661"
1859,"Eibergen","1662"
1859,"Rekken","1663"
307,"Amersfoort","1664"
307,"Hoogland","1665"
307,"Hooglanderveen","1666"
307,"Stoutenburg Noord","1667"
173,"Oldenzaal","1668"
173,"Deurningen","1669"
888,"Beek","1670"
888,"Spaubeek","1671"
888,"Maastricht-Airport","1672"
263,"Heerewaarden","1626"
263,"Hoenzadriel","1627"
263,"Hurwenen","1628"
263,"Kerkdriel","1629"
285,"Steenenkamer","2608"
285,"Terwolde","2609"
703,"Oostdijk","3464"
1651,"Eemshaven","3473"
1651,"Eppenhuizen","3474"
1651,"Kantens","3475"
1651,"Oldenzijl","3476"
1651,"Oosternieland","3477"
1651,"Oudeschip","3478"
1651,"Roodeschool","3479"
1651,"Rottum","3480"
1651,"Startenhuizen","3481"
1651,"Stitswerd","3482"
1651,"Uithuizen","3483"
1651,"Uithuizermeeden","3484"
1651,"Usquert","3485"
1651,"Warffum","3486"
1651,"Zandeweer","3487"
14,"Meerstad","3488"
879,"Zundert","3489"
879,"Rijsbergen","3490"
879,"Wernhout","3491"
879,"Klein Zundert","3492"
879,"Achtmaal","3493"
252,"Malden","3494"
252,"Heumen","3495"
252,"Overasselt","3496"
252,"Nederasselt","3497"
797,"Drunen","3498"
797,"Elshout","3499"
797,"Haarsteeg","3500"
797,"HEUSDEN GEM HEUSDEN","3501"
797,"Nieuwkuijk","3502"
1621,"Bleiswijk","1689"
1903,"Banholt","1690"
1903,"Bemelen","1691"
1903,"Cadier en Keer","1692"
1903,"Eckelrade","1693"
1903,"Margraten","1694"
1903,"Mheer","1695"
1903,"Noorbeek","1696"
1903,"Scheulder","1697"
1903,"Sint Geertruid","1698"
1894,"Kessel","1699"
1903,"Eijsden","1700"
1903,"Gronsveld","1701"
758,"Breda","1702"
758,"Bavel","1703"
758,"Ulvenhout","1704"
1621,"Berkel en Rodenrijs","1687"
1621,"Bergschenhoek","1688"
80,"Warten","2541"
268,"Lent","2545"
175,"Ommen","2546"
175,"Arriën","2547"
175,"Beerze","2548"
175,"Beerzerveld","2549"
175,"Dalmsholte","2550"
175,"Giethmen","2551"
175,"Lemele","2552"
175,"Stegeren","2553"
175,"Vilsteren","2554"
175,"Vinkenbuurt","2555"
175,"Witharen","2556"
281,"Tiel","2557"
281,"Zennewijnen","2558"
281,"Wadenoijen","2559"
281,"Kapel Avezaath","2560"
281,"Kerk Avezaath","2561"
597,"Ridderkerk","2562"
397,"Heemstede","2563"
296,"Wijchen","2564"
296,"Bergharen","2565"
296,"Hernen","2566"
296,"Leur","2567"
296,"Batenburg","2568"
296,"Niftrik","2569"
296,"Balgoij","2570"
358,"Aalsmeer","2571"
358,"Kudelstaart","2572"
233,"Ermelo","2573"
1719,"Drimmelen","2574"
1719,"Hooge Zwaluwe","2575"
1719,"Lage Zwaluwe","2576"
1719,"Made","2577"
1719,"Terheijden","2578"
1719,"Wagenberg","2579"
1719,"Zevenbergschen Hoek","2580"
840,"Rucphen","2581"
840,"Schijf","2582"
840,"Sprundel","2583"
840,"St. Willebrord","2584"
840,"Zegge","2585"
60,"Hollum","2586"
60,"Ballum","2587"
60,"Nes","2588"
60,"Buren","2589"
1669,"Herkenbosch","2590"
1669,"Melick","2591"
1669,"Montfort","2592"
1669,"Posterholt","2593"
1669,"Sint Odiliënberg","2594"
1669,"Vlodrop","2595"
867,"Sprang-Capelle","2596"
867,"Waalwijk","2597"
867,"Waspik","2598"
848,"Son","2599"
848,"Breugel","2600"
1894,"Maasbree","2601"
1894,"Baarlo","2602"
312,"Bunnik","2603"
312,"Odijk","2604"
312,"Werkhoven","2605"
285,"Klarenbeek","2606"
285,"Nijbroek","2607"
98,"Oldetrijne","1734"
98,"Oosterstreek","1735"
98,"Peperga","1736"
98,"Scherpenzeel","1737"
98,"Slijkenburg","1738"
98,"Sonnega","1739"
98,"Spanga","1740"
98,"Steggerda","1741"
98,"Ter Idzard","1742"
93,"Kaard","2622"
93,"Hee","2623"
93,"Kinnum","2624"
93,"West-Terschelling","2625"
297,"Aalst","2626"
297,"Bern","2627"
297,"Brakel","2628"
297,"Bruchem","2629"
297,"Delwijnen","2630"
297,"Gameren","2631"
297,"Kerkwijk","2632"
297,"Nederhemert","2633"
297,"Nieuwaal","2634"
297,"Poederoijen","2635"
297,"Zaltbommel","2636"
297,"Zuilichem","2637"
327,"Leusden","2638"
327,"Stoutenburg","2639"
327,"Achterveld","2640"
393,"Haarlemmerliede","2641"
393,"Spaarndam","2642"
393,"Halfweg","2643"
638,"Zoeterwoude","2644"
638,"Gelderswoude","2645"
824,"Oisterwijk","2646"
824,"Moergestel","2647"
824,"Heukelom","2648"
928,"Kerkrade","2649"
928,"Eygelshoven","2650"
377,"Vogelenzang","2651"
377,"Aerdenhout","2652"
377,"Overveen","2653"
377,"Bloemendaal","2654"
1783,"De Lier","2655"
1783,"Honselersdijk","2656"
98,"Vinkega","1743"
98,"Wolvega","1744"
98,"Zandhuizen","1745"
398,"Heerhugowaard","1746"
385,"Edam","1747"
385,"Volendam","1748"
385,"Purmer","1749"
779,"Raamsdonksveer","1750"
779,"Geertruidenberg","1751"
779,"Raamsdonk","1752"
85,"Appelscha","1753"
85,"Donkerbroek","1754"
285,"Teuge","2610"
285,"Twello","2611"
285,"Voorst","2612"
285,"Wilp","2613"
93,"Oosterend","2614"
93,"Hoorn","2615"
93,"Lies","2616"
93,"Formerum","2617"
93,"Landerum","2618"
93,"Midsland","2619"
93,"Striep","2620"
93,"Baaiduinen","2621"
758,"Prinsenbeek","1705"
758,"Teteringen","1706"
537,"Katwijk","1707"
537,"Rijnsburg","1708"
537,"Valkenburg","1709"
534,"Hillegom","1710"
168,"Beuningen","1711"
168,"Glane","1712"
168,"Losser","1713"
168,"de Lutte","1714"
168,"Overdinkel","1715"
994,"Berg en Terblijt","1716"
994,"Schin op Geul","1717"
994,"Valkenburg","1718"
994,"Walem","1719"
98,"Blesdijke","1720"
98,"Boijl","1721"
98,"De Blesse","1722"
98,"De Hoeve","1723"
98,"Langelille","1724"
98,"Munnekeburen","1725"
98,"Nijeholtpade","1726"
98,"Nijeholtwolde","1727"
98,"Nijelamer","1728"
98,"Nijetrijne","1729"
98,"Noordwolde","1730"
98,"Oldeholtpade","1731"
98,"Oldeholtwolde","1732"
98,"Oldelamer","1733"
437,"Amsterdam-Duivendrecht","3569"
147,"Hertme","3570"
85,"Elsloo","1755"
85,"Fochteloo","1756"
85,"Haule","1757"
85,"Haulerwijk","1758"
85,"Langedijke","1759"
85,"Makkinga","1760"
1783,"Kwintsheul","2657"
1783,"Maasdijk","2658"
1783,"Monster","2659"
1783,"Naaldwijk","2660"
1783,"Poeldijk","2661"
1783,"'s-Gravenzande","2662"
797,"Vlijmen","3503"
1900,"Sneek","3504"
1900,"Loënga","3505"
1900,"Offingawier","3506"
1900,"Ysbrechtum","3507"
1895,"Beerta","3508"
1895,"Blauwestad","3509"
164,"Hengelo","3510"
147,"Borne","3511"
1883,"Sittard","3512"
1883,"Geleen","3513"
797,"Doeveren","3514"
797,"Hedikhuizen","3515"
797,"Heesbeen","3516"
797,"Herpt","3517"
797,"Heusden","3518"
797,"Oudheusden","3519"
848,"Son en Breugel","3520"
74,"Heerenveen","3523"
1740,"Echteld","3524"
1904,"Vreeland","3525"
1696,"Kortenhoef","3526"
236,"Acquoy","3527"
236,"Rhenoy","3528"
236,"Geldermalsen","3529"
236,"Meteren","3530"
236,"Tricht","3531"
236,"Buurmalsen","3532"
377,"Bennebroek","3533"
393,"Spaarndam","3534"
534,"Hillegom","3535"
453,"Velsen-Zuid","3536"
1696,"Loosdrecht","3537"
453,"Velsen-Noord","3538"
451,"De Kwakel","3539"
1884,"Oud Ade","3540"
1884,"Leimuiden","3541"
1525,"Warmond","3542"
80,"Leeuwarden","3543"
80,"Goutum","3544"
80,"Wirdum","3545"
1884,"Rijpwetering","3546"
736,"Amstelhoek","3547"
736,"de Hoef","3548"
736,"Mijdrecht","3549"
736,"Vinkeveen","3550"
736,"Waverveen","3551"
375,"Wijk aan Zee","3552"
361,"De Rijp","3553"
361,"Oost-Graftdijk","3554"
361,"Starnmeer","3555"
361,"Markenbinnen","3556"
74,"Nijehaske","3557"
74,"Oudehaske","3558"
200,"Apeldoorn","3560"
200,"Wenum Wiesel","3561"
200,"Uddel","3562"
200,"Radio Kootwijk","3563"
200,"Hoog Soeren","3564"
420,"Wervershoof","3565"
420,"Hauwert","3566"
420,"Oostwoud","3567"
437,"Duivendrecht","3568"
668,"Appeltern","1768"
668,"Beneden-Leeuwen","1769"
668,"Boven-Leeuwen","1770"
668,"Dreumel","1771"
668,"Maasbommel","1772"
668,"Wamel","1773"
762,"Deurne","1774"
762,"Vlierden","1775"
762,"Liessel","1776"
762,"Neerkant","1777"
762,"Helenaveen","1778"
1681,"1e Exloërmond","1779"
1681,"2e Exloërmond","1780"
1708,"Blankenham","2695"
1708,"Blokzijl","2696"
1708,"De Bult","2697"
1708,"De Pol","2698"
1708,"Eesveen","2699"
1708,"Giethoorn","2700"
1708,"IJsselham","2701"
1708,"Kalenberg","2702"
147,"Zenderen","3571"
1876,"Wichmond","3572"
1876,"Vorden","3573"
1876,"Zelhem","3574"
1876,"Halle","3575"
85,"Haule","3576"
85,"Haulerwijk","3577"
273,"Putten","3580"
267,"Nijkerk","3581"
163,"Hellendoorn","3583"
163,"Nijverdal","3584"
1581,"Leersum","3587"
1581,"Overberg","3588"
797,"Drunen","3589"
797,"Elshout","3590"
1900,"Tirns","3591"
1900,"Ysbrechtum","3592"
363,"Amsterdam","3594"
826,"Den Hout","3595"
826,"Oosterhout","3596"
203,"Barneveld","3597"
203,"Terschuur","3598"
203,"Voorthuizen","3599"
203,"Zwartebroek","3600"
1681,"2e Valthermond","1781"
1681,"Borger","1782"
1681,"Bronneger","1783"
1681,"Bronnegerveen","1784"
1783,"Ter Heijde","2663"
1783,"Wateringen","2664"
1901,"Bodegraven","2665"
1901,"Nieuwerbrug aan den Rijn","2666"
569,"Nieuwkoop","2667"
569,"Noorden","2668"
569,"Woerdense Verlaat","2669"
569,"Nieuwveen","2670"
569,"Zevenhoven","2671"
569,"Vrouwenakker","2672"
569,"Ter Aar","2673"
1676,"Brouwershaven","2674"
1676,"Bruinisse","2675"
1676,"Burgh-Haamstede","2676"
1676,"Dreischor","2677"
1676,"Ellemeet","2678"
1676,"Kerkwerve","2679"
1676,"Nieuwerkerk","2680"
1676,"Noordgouwe","2681"
1676,"Noordwelle","2682"
1676,"Oosterland","2683"
1676,"Ouwerkerk","2684"
1676,"Renesse","2685"
1676,"Scharendijke","2686"
1676,"Serooskerke","2687"
1676,"Sirjansland","2688"
1676,"Zierikzee","2689"
1676,"Zonnemaire","2690"
1708,"Baarlo","2691"
1708,"Baars","2692"
1708,"Basse","2693"
1708,"Belt-Schutsloot","2694"
85,"Nijeberkoop","1761"
85,"Oldeberkoop","1762"
85,"Oosterwolde","1763"
85,"Ravenswoud","1764"
85,"Waskemeer","1765"
668,"Alphen","1766"
668,"Altforst","1767"
1681,"Exloo","1795"
1681,"Klijndijk","1796"
1681,"Nieuw-Buinen","1797"
1681,"Odoorn","1798"
1681,"Odoornerveen","1799"
1681,"Valthe","1800"
1681,"Valthermond","1801"
1681,"Westdorp","1802"
281,"Tiel","3601"
80,"Grou","3602"
74,"Nes","3603"
984,"Oirlo","3604"
984,"Oostrum","3605"
267,"Nijkerk","3606"
267,"Nijkerkerveen","3607"
160,"Hardenberg","3608"
160,"Bruchterveld","3609"
828,"Geffen","3610"
796,"Nuland","3611"
796,"Vinkel","3612"
405,"Blokker","3613"
405,"Hoorn","3614"
80,"Leeuwarden","3615"
80,"Goutum","3616"
498,"Oosterblokker","3619"
758,"Breda","3622"
758,"Teteringen","3623"
758,"Bavel","3624"
620,"Hagestein","3625"
620,"Hoef en Haag","3626"
1927,"Goudriaan","3627"
1927,"Ottoland","3628"
175,"Ommen","3629"
175,"Arriën","3630"
457,"Weesp","3631"
1699,"Roderesch","3633"
1699,"Steenbergen","3634"
14,"Harkstede GN","3635"
14,"Lageland GN","3636"
1681,"Buinen","1785"
1681,"Buinerveen","1786"
1681,"Drouwen","1787"
1681,"Drouwenermond","1788"
1681,"Drouwenerveen","1789"
1681,"Ees","1790"
1681,"Eesergroen","1791"
1681,"Eeserveen","1792"
1681,"Ellertshaar","1793"
1681,"Exloërveen","1794"
118,"Alteveer gem Hoogeveen","1810"
118,"Elim","1811"
118,"Fluitenberg","1812"
118,"Hollandscheveld","1813"
1708,"Kallenkote","2703"
1708,"Kuinre","2704"
448,"De Waal","2739"
448,"Den Burg","2740"
448,"Den Hoorn","2741"
448,"Oosterend","2742"
448,"Oudeschild","2743"
579,"Oegstgeest","2744"
847,"Someren","2745"
847,"Lierop","2746"
828,"Geffen","2747"
796,"Nuland","2748"
796,"Vinkel","2749"
209,"Weurt","2750"
209,"Beuningen Gld","2751"
209,"Ewijk","2752"
209,"Winssen","2753"
388,"Enkhuizen","2754"
450,"Uitgeest","2755"
441,"Schagerbrug","2756"
441,"Callantsoog","2757"
1708,"Marijenkampen","2705"
1708,"Nederland","2706"
1708,"Oldemarkt","2707"
1708,"Onna","2708"
1708,"Ossenzijl","2709"
1708,"Paasloo","2710"
1708,"Scheerwolde","2711"
1708,"Sint Jansklooster","2712"
1708,"Steenwijk","2713"
1708,"Steenwijkerwold","2714"
1708,"Tuk","2715"
1708,"Vollenhove","2716"
1708,"Wanneperveen","2717"
1708,"Wetering","2718"
1708,"Willemsoord","2719"
1708,"Witte Paarden","2720"
1708,"Zuidveen","2721"
375,"Beverwijk","2735"
375,"Wijk aan Zee","2736"
448,"De Cocksdorp","2737"
448,"De Koog","2738"
1681,"Zandberg","1803"
164,"Hengelo","1804"
1927,"Streefkerk","1805"
1927,"Groot-Ammers","1806"
1927,"Nieuwpoort","1807"
1927,"Langerak","1808"
1927,"Waal","1809"
1667,"Hulsel","1875"
1667,"Lage Mierde","1876"
1667,"Reusel","1877"
479,"Assendelft","1878"
479,"Koog aan de Zaan","1879"
228,"Ederveen","2769"
441,"'t Zand","2758"
441,"Sint Maartensbrug","2759"
441,"Sint Maartensvlotbrug","2760"
441,"Petten","2761"
441,"Burgerbrug","2762"
441,"Oudesluis","2763"
228,"Ede","2764"
228,"Lunteren","2765"
228,"Bennekom","2766"
228,"Otterlo","2767"
228,"Harskamp","2768"
118,"Hoogeveen","1814"
118,"Nieuweroord","1815"
118,"Nieuwlande","1816"
118,"Noordscheschut","1817"
118,"Pesse","1818"
118,"Stuifzand","1819"
118,"Tiendeveen","1820"
629,"Wassenaar","1821"
664,"'s-Heer Arendskerke","1822"
664,"'s-Heer Hendrikskinderen","1823"
664,"Goes","1824"
664,"Kattendijke","1825"
664,"Kloetinge","1826"
664,"Wilhelminadorp","1827"
664,"Wolphaartsdijk","1828"
9,"Ten Boer","1829"
9,"Ten Post","1830"
9,"Garmerwolde","1831"
9,"Thesinge","1832"
9,"Woltersum","1833"
9,"Sint Annen","1834"
9,"Lellens","1835"
9,"Winneweer","1836"
385,"Beets","1837"
385,"Hobrede","1838"
385,"Kwadijk","1839"
385,"Middelie","1840"
385,"Oosthuizen","1841"
385,"Schardam","1842"
385,"Warder","1843"
230,"Elburg","1844"
230,"'t Harde","1845"
230,"Doornspijk","1846"
856,"Uden","1847"
856,"Volkel","1848"
856,"Odiliapeel","1849"
1685,"Zeeland","1850"
1685,"Schaijk","1851"
1685,"Reek","1852"
986,"Klimmen","1853"
986,"Ransdaal","1854"
986,"Voerendaal","1855"
984,"Blitterswijck","1856"
984,"Geijsteren","1857"
1507,"Meerlo","1858"
1507,"Swolgen","1859"
1507,"Tienray","1860"
984,"Wanssum","1861"
1734,"Andelst","1862"
1734,"Driel","1863"
1734,"Elst","1864"
1734,"Hemmen","1865"
1734,"Herveld","1866"
1734,"Heteren","1867"
1734,"Homoet","1868"
1734,"Oosterhout","1869"
1734,"Randwijk","1870"
1734,"Slijk-Ewijk","1871"
1734,"Valburg","1872"
1734,"Zetten","1873"
1667,"Hooge Mierde","1874"
717,"Biggekerke","2775"
717,"Domburg","2776"
717,"Gapinge","2777"
717,"Grijpskerke","2778"
717,"Koudekerke","2779"
717,"Meliskerke","2780"
944,"Mook","2803"
944,"Plasmolen","2804"
1842,"Schipluiden","2805"
1842,"Maasland","2806"
1842,"Den Hoorn","2807"
1883,"Born","2808"
1883,"Buchten","2809"
1883,"Einighausen","2810"
1883,"Geleen","2811"
1883,"Grevenbicht","2812"
1883,"Guttecoven","2813"
1883,"Holtum","2814"
717,"Oostkapelle","2781"
717,"Serooskerke","2782"
717,"Veere","2783"
717,"Vrouwenpolder","2784"
717,"Westkapelle","2785"
717,"Zoutelande","2786"
432,"Aartswoud","2788"
432,"De Weere","2789"
432,"Hoogwoud","2790"
432,"Opmeer","2791"
432,"Spanbroek","2792"
584,"Oud-Beijerland","2793"
1927,"Kinderdijk","2794"
1927,"Nieuw-Lekkerland","2795"
617,"Mookhoek","2796"
617,"Strijen","2797"
617,"Strijensas","2798"
766,"Dongen","2799"
766,"'s Gravenmoer","2800"
944,"Middelaar","2801"
944,"Molenhoek","2802"
228,"De Klomp","2770"
228,"Wekerom","2771"
228,"Hoenderloo","2772"
228,"Deelen","2773"
717,"Aagtekerke","2774"
881,"Jabeek","2846"
881,"Merkelbeek","2847"
881,"Schinveld","2848"
899,"Brunssum","2849"
484,"Koudekerk aan den Rijn","2850"
484,"Hazerswoude-Rijndijk","2851"
484,"Hazerswoude-Dorp","2852"
484,"Benthuizen","2853"
150,"Bathmen","2854"
150,"Colmschate","2855"
1883,"Limbricht","2815"
1883,"Munstergeleen","2816"
1883,"Obbicht","2817"
1883,"Papenhoven","2818"
1883,"Sittard","2819"
1883,"Windraak","2820"
355,"Zeist","2821"
355,"Den Dolder","2822"
355,"Bosch en Duin","2823"
355,"Austerlitz","2824"
355,"Huis ter Heide","2825"
376,"Blaricum","2828"
5,"Bedum","2829"
5,"Noordwolde","2830"
5,"Onderdendam","2831"
5,"Zuidwolde","2832"
453,"Velsen-Noord","2833"
453,"Velsen-Zuid","2834"
453,"IJmuiden","2835"
479,"Krommenie","1880"
479,"Westknollendam","1881"
479,"Westzaan","1882"
479,"Wormerveer","1883"
479,"Zaandam","1884"
479,"Zaandijk","1885"
361,"Driehuizen","1886"
361,"Grootschermer","1887"
361,"Oterleek","1888"
361,"Schermerhorn","1889"
361,"Stompetoren","1890"
361,"Ursem","1891"
361,"Zuidschermer","1892"
1895,"Scheemda","1893"
1895,"Nieuw Scheemda","1894"
1895,"'t Waar","1895"
1895,"Nieuwolda","1896"
1895,"Midwolda","1897"
1895,"Oostwold","1898"
1895,"Heiligerlee","1899"
1895,"Westerlee","1900"
361,"De Rijp","1902"
361,"Graft","1903"
361,"Markenbinnen","1904"
361,"Noordeinde","1905"
361,"Oost-Graftdijk","1906"
361,"Starnmeer","1907"
361,"West-Graftdijk","1908"
589,"Hekendorp","1909"
589,"Oudewater","1910"
589,"Papekop","1911"
589,"Snelrewaard","1912"
971,"Stein","1913"
971,"Elsloo","1914"
971,"Urmond","1915"
1641,"Thorn","1916"
1641,"Heel","1917"
1641,"Beegden","1918"
1641,"Wessem","1919"
1641,"Maasbracht","1920"
1641,"Linne","1921"
1641,"Stevensweert","1922"
1641,"Ohé en Laak","1923"
141,"Almelo","1924"
141,"Aadorp","1925"
141,"Bornerbroek","1926"
576,"Noordwijkerhout","1927"
576,"De Zilk","1928"
736,"Mijdrecht","1929"
736,"Vinkeveen","1930"
736,"Wilnis","1931"
736,"Amstelhoek","1932"
736,"Waverveen","1933"
736,"de Hoef","1934"
606,"Schiedam","1935"
293,"Westervoort","1936"
748,"Bergen op Zoom","1937"
748,"Halsteren","1938"
748,"Lepelstraat","1939"
852,"Broek in Waterland","1940"
852,"Ilpendam","1941"
852,"Katwoude","1942"
852,"Marken","1943"
852,"Monnickendam","1944"
852,"Watergang","1945"
852,"Purmer","1946"
453,"Driehuis NH","2836"
453,"Santpoort-Noord","2837"
453,"Santpoort-Zuid","2838"
453,"Velserbroek","2839"
620,"Everdingen","2840"
620,"Hagestein","2841"
620,"Ossenwaard","2842"
620,"Vianen","2843"
620,"Zijderveld","2844"
881,"Bingelrade","2845"
72,"Wijnaldum","2893"
166,"Kampen","2894"
166,"IJsselmuiden","2895"
166,"Grafhorst","2896"
166,"Zalk","2897"
166,"Wilsum","2898"
166,"'s-Heerenbroek","2899"
166,"Kamperveen","2900"
1507,"Broekhuizen","1027"
1507,"Broekhuizenvorst","1028"
1507,"Griendtsveen","1029"
1507,"Grubbenvorst","1030"
1507,"Hegelsom","1031"
1507,"Horst","1032"
166,"Mastenbroek","2901"
225,"Afferden","2902"
873,"Hoogerheide","1000"
873,"Huijbergen","1001"
873,"Ossendrecht","1002"
873,"Putte","1003"
873,"Woensdrecht","1004"
513,"Gouda","1005"
866,"Waalre","1006"
687,"Middelburg","1007"
687,"Arnemuiden","1008"
687,"Nieuw- en Sint Joosland","1009"
777,"Etten-Leur","1010"
406,"Huizen","1011"
457,"Weesp","1012"
342,"Soest","1013"
342,"Soesterberg","1014"
622,"Vlaardingen","1015"
1892,"Nieuwerkerk aan den IJssel","1016"
363,"Amsterdam","1024"
363,"Amsterdam Zuidoost","1025"
1507,"America","1026"
150,"Deventer","2856"
150,"Diepenveen","2857"
150,"Lettele","2858"
150,"Okkenbroek","2859"
150,"Schalkhaar","2860"
1900,"Sneek","2861"
1900,"Loënga","2862"
1900,"Offingawier","2863"
1900,"Ysbrechtum","2864"
246,"Heerde","2865"
246,"Veessen","2866"
246,"Vorchten","2867"
246,"Wapenveld","2868"
267,"Nijkerk","2869"
267,"Nijkerkerveen","2870"
267,"Hoevelaken","2871"
785,"Goirle","2880"
785,"Riel","2881"
244,"Hattem","2882"
744,"Baarle-Nassau","2883"
744,"Ulicoten","2884"
744,"Castelre","2885"
588,"Goudswaard","2886"
588,"Nieuw-Beijerland","2887"
588,"Piershil","2888"
588,"Zuid-Beijerland","2889"
417,"Laren","2890"
72,"Harlingen","2891"
72,"Midlum","2892"
331,"Polsbroek","1962"
335,"Linschoten","1963"
335,"Montfoort","1964"
1900,"Workum","1965"
1900,"Koudum","1966"
1900,"Molkwerum","1967"
1900,"Hindeloopen","1968"
1900,"Stavoren","1969"
1900,"Hemelum","1970"
1900,"Warns","1971"
1900,"Nijhuizum","1972"
1900,"It Heidenskip","1973"
988,"Weert","1974"
988,"Stramproy","1975"
815,"Mill","1976"
815,"Sint Hubert","1977"
815,"Langenboom","1978"
1507,"Lottum","1033"
1507,"Melderslo","1034"
1507,"Meterik","1035"
402,"Hilversum","1036"
317,"Eemnes","1037"
163,"Daarle","1038"
163,"Daarlerveen","1039"
163,"Haarle","1040"
163,"Hellendoorn","1041"
163,"Nijverdal","1042"
855,"Tilburg","1043"
855,"Berkel-Enschot","1044"
855,"Udenhout","1045"
180,"Staphorst","1046"
180,"Rouveen","1047"
180,"IJhorst","1048"
180,"Punthorst","1049"
362,"Amstelveen","1050"
995,"Lelystad","1051"
420,"Andijk","1053"
203,"Barneveld","1054"
203,"Voorthuizen","1055"
203,"Kootwijkerbroek","1056"
203,"Garderen","1057"
203,"Terschuur","1058"
203,"Stroe","1059"
203,"Zwartebroek","1060"
203,"De Glind","1061"
203,"Kootwijk","1062"
203,"Achterveld","1063"
1728,"Bladel","1064"
852,"Uitdam","1947"
852,"Zuiderwoude","1948"
889,"Reuver","1949"
889,"Beesel","1950"
738,"Babyloniënbroek","1951"
738,"Drongelen","1952"
738,"Eethen","1953"
738,"Genderen","1954"
738,"Meeuwen","1955"
738,"Veen","1956"
738,"Wijk en Aalburg","1957"
331,"Benschop","1958"
331,"Jaarsveld","1959"
331,"Lopik","1960"
331,"Lopikerkapel","1961"
613,"Rhoon","2362"
613,"Poortugaal","2363"
613,"Rotterdam-Albrandswaard","2364"
1931,"Bergambacht","2365"
1931,"Berkenwoude","2366"
1931,"Ammerstol","2367"
501,"Brielle","2368"
501,"Vierpolders","2369"
501,"Zwartewaal","2370"
611,"Klaaswaal","2371"
611,"Numansdorp","2372"
1931,"Ouderkerk aan den IJssel","2373"
1931,"Gouderak","2374"
1931,"Krimpen aan de Lek","2375"
1931,"Lekkerkerk","2376"
1924,"Dirksland","2377"
1924,"Herkingen","2378"
1924,"Melissant","2379"
585,"'s-Gravendeel","2380"
585,"Heinenoord","2381"
585,"Maasdam","2382"
585,"Mijnsheerenland","2383"
585,"Puttershoek","2384"
585,"Westmaas","2385"
482,"Alblasserdam","2386"
737,"Suwâld","2448"
737,"Hurdegaryp","2449"
737,"Noardburgum","2450"
737,"Burgum","2451"
737,"Jistrum","2452"
88,"Schiermonnikoog","2428"
303,"Biddinghuizen","2429"
303,"Dronten","2430"
303,"Swifterbant","2431"
353,"IJsselstein","2432"
1911,"Kreileroord","2433"
1911,"Middenmeer","2434"
1911,"Slootdorp","2435"
1911,"Wieringerwerf","2436"
599,"Rozenburg","2437"
610,"Sliedrecht","2438"
757,"Boxtel","2439"
757,"Liempde","2440"
737,"Aldtsjerk","2441"
737,"Wyns","2442"
1581,"Overberg","3338"
1581,"Doorn","3339"
1581,"Maarn","3340"
1581,"Maarsbergen","3341"
86,"Bakkeveen","3342"
86,"Beetsterzwaag","3343"
512,"Gorinchem","2299"
512,"Dalem","2300"
1900,"Allingawier","2301"
1900,"Arum","2302"
1900,"Breezanddijk","2303"
1900,"Burgwerd","2304"
1900,"Cornwerd","2305"
1900,"Dedgum","2306"
1900,"Exmorra","2307"
1900,"Ferwoude","2308"
1900,"Gaast","2309"
1900,"Hartwerd","2310"
1900,"Hichtum","2311"
1900,"Hieslum","2312"
1900,"Idsegahuizum","2313"
1900,"Kimswerd","2314"
58,"Aalsum","3387"
58,"Anjum","3388"
737,"Sumar","2453"
737,"Eastermar","2454"
737,"Garyp","2455"
737,"Earnewâld","2456"
1731,"Smilde","2457"
396,"Heemskerk","2458"
603,"Rijswijk","2459"
441,"Schagen","2460"
405,"Hoorn","2461"
405,"Blokker","2462"
405,"Zwaag","2463"
53,"Adorp","2464"
53,"Baflo","2465"
53,"Den Andel","2466"
53,"Ezinge","2467"
53,"Feerwerd","2468"
53,"Garnwerd","2469"
53,"Rasquert","2470"
86,"Drachten-Azeven","3344"
86,"Frieschepalen","3345"
86,"Gorredijk","3346"
86,"Hemrik","3347"
1900,"Kornwerderzand","2315"
1900,"Lollum","2316"
1900,"Longerhouw","2317"
1900,"Makkum","2318"
1900,"Parrega","2319"
1900,"Piaam","2320"
1900,"Pingjum","2321"
1900,"Schettens","2322"
1900,"Schraard","2323"
1900,"Tjerkwerd","2324"
1900,"Witmarsum","2325"
1900,"Wons","2326"
1900,"Zurich","2327"
984,"Castenray","2328"
984,"Heide","2329"
58,"Bornwird","3389"
58,"Brantgum","3390"
58,"Dokkum","3391"
58,"Ee","3392"
58,"Engwierum","3393"
53,"Saaxumhuizen","2471"
53,"Sauwerd","2472"
53,"Tinallinge","2473"
53,"Wetsinge","2474"
86,"Jonkerslân","3348"
86,"Langezwaag","3349"
86,"Lippenhuizen","3350"
86,"Luxwoude","3351"
86,"Nij Beets","3352"
86,"Olterterp","3353"
984,"Leunen","2330"
984,"Merselo","2331"
984,"Oirlo","2332"
984,"Oostrum","2333"
58,"Foudgum","3394"
58,"Hantum","3395"
58,"Hantumeruitburen","3396"
86,"Siegerswoude","3354"
86,"Terwispel","3355"
86,"Tijnje","3356"
86,"Ureterp","3357"
86,"Wijnjewoude","3358"
304,"Est","3359"
304,"Haaften","3360"
304,"Heesselt","3361"
304,"Hellouw","3362"
304,"Neerijnen","3363"
304,"Ophemert","3364"
304,"Opijnen","3365"
304,"Tuil","3366"
304,"Varik","3367"
304,"Waardenburg","3368"
984,"Smakt","2334"
984,"Venray","2335"
984,"Veulen","2336"
984,"Vredepeel","2337"
58,"Hantumhuizen","3397"
58,"Hiaure","3398"
58,"Holwerd","3399"
58,"Jouswier","3400"
304,"Zennewijnen","3369"
214,"Asch","3370"
214,"Beusichem","3371"
214,"Buren","3372"
214,"Buurmalsen","3373"
214,"Eck en Wiel","3374"
214,"Erichem","3375"
214,"Ingen","3376"
214,"Kapel-Avezaath","3377"
214,"Kerk-Avezaath","3378"
214,"Lienden","3379"
214,"Maurik","3380"
214,"Ommeren","3381"
214,"Ravenswaaij","3382"
214,"Rijswijk (GLD)","3383"
214,"Zoelen","3384"
214,"Zoelmond","3385"
3,"Appingedam","3386"
984,"Ysselsteyn","2338"
22,"Boerakker","2339"
22,"Enumatil","2340"
22,"Leek","2341"
22,"Lettelbert","2342"
22,"Midwolde","2343"
22,"Oostwold","2344"
58,"Lioessens","3401"
58,"Metslawier","3402"
58,"Moddergat","3403"
1911,"Breezand","3186"
1911,"Wieringerwaard","3187"
1695,"Kamperland","3188"
1695,"Kortgene","3189"
1695,"Colijnsplaat","3190"
1695,"Wissenkerke","3191"
1695,"Kats","3192"
1695,"Geersdijk","3193"
786,"Escharen","3195"
10,"Krewerd","3238"
10,"Losdorp","3239"
10,"Meedhuizen","3240"
10,"Spijk","3241"
10,"Termunten","3242"
10,"Termunterzijl","3243"
10,"Wagenborgen","3244"
10,"Woldendorp","3245"
222,"Doetinchem","3246"
222,"Gaanderen","3247"
222,"Wehl","3248"
828,"Oss","3249"
828,"Berghem","3250"
828,"Megen","3251"
828,"Macharen","3252"
828,"Haren","3253"
828,"Ravenstein","3254"
828,"Herpen","3255"
828,"Deursen-Dennenburg","3256"
828,"Huisseling","3257"
828,"Koolwijk","3258"
828,"Dieden","3259"
828,"Demen","3260"
828,"Neerlangel","3261"
828,"Neerloon","3262"
828,"Overlangel","3263"
828,"Keent","3264"
1891,"Broeksterwâld","3265"
1891,"Damwâld","3266"
1891,"De Falom","3267"
1891,"Driezum","3268"
1891,"Wâlterswâld","3269"
1891,"Rinsumageast","3270"
1891,"Feanwâlden","3271"
1891,"Readtsjerk","3272"
1891,"De Westereen","3273"
1891,"Sibrandahûs","3274"
90,"Boornbergum","3275"
58,"Morra","3404"
177,"Raalte","1491"
177,"Heino","1492"
177,"Mariënheem","1493"
177,"Luttenberg","1494"
177,"Laag Zuthem","1495"
177,"Lierderholthuis","1496"
177,"Broekland","1497"
177,"Heeten","1498"
177,"Nieuw Heeten","1499"
275,"Velp","1500"
275,"Rheden","1501"
275,"De Steeg","1502"
275,"Ellecom","1503"
275,"Dieren","1504"
275,"Spankeren","1505"
275,"Laag-Soeren","1506"
498,"Hem","1507"
498,"Hoogkarspel","1508"
498,"Oosterblokker","1509"
498,"Oosterleek","1510"
498,"Schellinkhout","1511"
498,"Venhuizen","1512"
1931,"Haastrecht","2387"
1931,"Stolwijk","2388"
1931,"Vlist","2389"
1931,"Schoonhoven","2390"
106,"Assen","2391"
106,"Loon","2392"
106,"Rhee","2393"
106,"Ter Aard","2394"
106,"Ubbena","2395"
786,"Gassel","3196"
786,"Grave","3197"
786,"Velp","3198"
1722,"Blije","3199"
1722,"Burdaard","3200"
1722,"Ferwert","3201"
1722,"Ginnum","3202"
1722,"Hallum","3203"
1722,"Hegebeintum","3204"
1722,"Jannum","3205"
1722,"Jislum","3206"
1722,"Lichtaard","3207"
1722,"Marrum","3208"
1722,"Reitsum","3209"
1722,"Wânswert","3210"
236,"Acquoy","3211"
236,"Rhenoy","3212"
236,"Beesd","3213"
236,"Gellicum","3214"
236,"Rumpt","3215"
236,"Enspijk","3216"
236,"Deil","3217"
236,"Geldermalsen","3218"
236,"Meteren","3219"
236,"Tricht","3220"
236,"Buurmalsen","3221"
243,"Harderwijk","3222"
243,"Hierden","3223"
80,"Alde Leie","3224"
80,"Britsum","3225"
80,"Feinsum","3226"
80,"Hijum","3227"
80,"Jelsum","3228"
80,"Koarnjum","3229"
80,"Stiens","3230"
626,"Voorschoten","3231"
10,"Bierum","3232"
10,"Borgsweer","3233"
10,"Delfzijl","3234"
10,"Farmsum","3235"
10,"Godlinze","3236"
10,"Holwierde","3237"
183,"Manderveen","1291"
90,"De Tike","3276"
90,"De Veenhoop","3277"
90,"De Wilgen","3278"
90,"Drachten","3279"
90,"Drachtstercompagnie","3280"
90,"Goëngahuizen","3281"
90,"Houtigehage","3282"
90,"Kortehemmen","3283"
90,"Nijega","3284"
90,"Opeinde","3285"
90,"Oudega","3286"
90,"Rottevalle","3287"
90,"Smalle Ee","3288"
441,"Dirkshorn","3289"
441,"Oudkarspel","3290"
441,"Sint Maarten","3291"
441,"Tuitjenhorn","3292"
441,"Waarland","3293"
441,"Warmenhuizen","3294"
344,"Utrecht","3295"
344,"Vleuten","3296"
498,"Westwoud","1513"
498,"Wijdenes","1514"
1507,"Sevenum","1515"
1507,"Kronenberg","1516"
1507,"Evertsoord","1517"
106,"Zeijerveen","2396"
106,"Zeijerveld","2397"
642,"Heerjansdam","2398"
642,"Zwijndrecht","2399"
1900,"Abbega","2400"
1900,"Blauwhuis","2401"
1900,"Folsgare","2402"
1900,"Gaastmeer","2403"
183,"Mariaparochie","1292"
183,"Reutum","1293"
183,"Tubbergen","1294"
183,"Vasse","1295"
202,"Arnhem","1296"
299,"Zevenaar","1297"
299,"Babberich","1298"
299,"Angerlo","1299"
299,"Giesbeek","1300"
299,"Lathum","1301"
352,"Wijk bij Duurstede","1302"
352,"Langbroek","1303"
352,"Cothen","1304"
473,"Zandvoort","1305"
473,"Bentveld","1306"
798,"Hilvarenbeek","1307"
798,"Diessen","1308"
344,"De Meern","3297"
344,"Haarzuilens","3298"
96,"Vlieland","3299"
874,"Almkerk","3300"
874,"Andel","3301"
1876,"Drempt","1520"
1876,"Hoog-Keppel","1521"
1876,"Laag-Keppel","1522"
1876,"Hummelo","1523"
1876,"Zelhem","1524"
1876,"Halle","1525"
1876,"Steenderen","1526"
1876,"Baak","1527"
1876,"Rha","1528"
1900,"Gauw","2404"
1900,"Goënga","2405"
1900,"Greonterp","2406"
1900,"Heeg","2407"
1900,"Hommerts","2408"
1900,"Idzega","2409"
1900,"IJlst","2410"
874,"Waardhuizen","3305"
798,"Biest-Houtakker","1309"
798,"Haghorst","1310"
798,"Esbeek","1311"
917,"Heerlen","1312"
874,"Giessen","3302"
874,"Rijswijk (NB)","3303"
1876,"Olburgen","1529"
1876,"Bronkhorst","1530"
1876,"Toldijk","1531"
1876,"Vierakker","1532"
874,"Woudrichem","3306"
79,"Augsbuurt","3307"
79,"Burum","3308"
79,"Kollum","3309"
79,"Kollumerpomp","3310"
79,"Kollumerzwaag","3311"
79,"Munnekezijl","3312"
79,"Oudwoude","3313"
79,"Triemen","3314"
79,"Veenklooster","3315"
79,"Warfstermolen","3316"
79,"Westergeest","3317"
79,"Zwagerbosch","3318"
1895,"Blauwestad","3319"
1700,"Bruinehaar","3320"
1700,"Den Ham","3321"
917,"Hoensbroek","1313"
1658,"Heeze","1314"
1658,"Leende","1315"
1658,"Sterksel","1316"
1709,"Willemstad","1317"
1709,"Heijningen","1318"
1709,"Klundert","1319"
874,"Uitwijk","3304"
1876,"Wichmond","1533"
1876,"Vorden","1534"
1876,"Hengelo (Gld)","1535"
1876,"Keijenborg","1536"
1700,"Geerdijk","3322"
1700,"Kloosterhaar","3323"
1700,"Sibculo","3324"
1700,"Vriezenveen","3325"
1700,"Vroomshoop","3326"
1700,"Westerhaar-Vriezenveensewijk","3327"
1581,"Driebergen-Rijsenburg","3335"
1581,"Leersum","3336"
1581,"Amerongen","3337"
1709,"Oudemolen","1320"
1709,"Fijnaart","1321"
1709,"Moerdijk","1322"
1709,"Zevenbergen","1323"
1709,"Standdaarbuiten","1324"
1709,"Noordhoek","1325"
1709,"Langeweg","1326"
1709,"Zevenbergschen Hoek","1327"
415,"Landsmeer","1328"
415,"Den Ilp","1329"
415,"Purmerland","1330"
736,"Abcoude","1332"
736,"Baambrugge","1333"
262,"Almen","1334"
262,"Barchem","1335"
262,"Eefde","1336"
262,"Epse","1337"
262,"Gorssel","1338"
262,"Harfsen","1339"
160,"Ane","1537"
160,"Anerveen","1538"
160,"Anevelde","1539"
160,"Balkbrug","1540"
1895,"Oudezijl","1423"
788,"Biezenmortel","1425"
788,"Esch","1426"
788,"Haaren","1427"
788,"Helvoirt","1428"
981,"Vaals","1429"
981,"Lemiers","1430"
981,"Vijlen","1431"
689,"Arkel","1432"
689,"Giessenburg","1433"
689,"Hoogblokland","1434"
689,"Hoornaar","1435"
689,"Noordeloos","1436"
689,"Schelluinen","1437"
1735,"Ambt Delden","1438"
1735,"Bentelo","1439"
1735,"Delden","1440"
1735,"Diepenheim","1441"
1735,"Goor","1442"
262,"Joppe","1340"
262,"Kring van Dorth","1341"
262,"Laren","1342"
262,"Lochem","1343"
232,"Epe","1344"
232,"Vaassen","1345"
232,"Emst","1346"
232,"Oene","1347"
160,"Bergentheim","1541"
160,"Brucht","1542"
160,"Bruchterveld","1543"
160,"Collendoorn","1544"
160,"De Krim","1545"
160,"Dedemsvaart","1546"
1735,"Hengevelde","1443"
1735,"Markelo","1444"
1659,"Aarle-Rixtel","1445"
1659,"Beek en Donk","1446"
1659,"Lieshout","1447"
1659,"Mariahout","1448"
1684,"Beers NB","1449"
1684,"Cuijk","1450"
1684,"Haps","1451"
1684,"Katwijk NB","1452"
957,"Roermond","2281"
957,"Herten","2282"
957,"Swalmen","2283"
880,"Jisp","2284"
880,"Oostknollendam","2285"
880,"Spijkerboor","2286"
880,"Wormer","2287"
880,"Wijdewormer","2288"
1773,"Olst","1379"
1773,"Wijhe","1380"
1773,"Wesepe","1381"
1773,"Welsum","1382"
1773,"Marle","1383"
861,"Veldhoven","1384"
1930,"Abbenbroek","1385"
160,"Den Velde","1547"
160,"Diffelen","1548"
160,"Gramsbergen","1549"
160,"Hardenberg","1550"
160,"Heemserveen","1551"
160,"Holtheme","1552"
160,"Holthone","1553"
160,"Hoogenweg","1554"
1684,"Linden","1453"
1684,"Sint Agatha","1454"
1684,"Vianen NB","1455"
753,"Best","1456"
1724,"Bergeijk","1457"
1724,"Luyksgestel","1458"
1724,"Riethoven","1459"
1724,"Westerhoven","1460"
938,"Bunde","1461"
938,"Geulle","1462"
938,"Meerssen","1463"
938,"Moorveld","1464"
938,"Ulestraten","1465"
553,"Lisse","1466"
678,"Kapelle","1467"
678,"Kloetinge","1468"
637,"Zoetermeer","2293"
1930,"Geervliet","1386"
1930,"Heenvliet","1387"
530,"Oudenhoorn","1388"
1930,"Simonshaven","1389"
1930,"Zuidland","1390"
377,"Bennebroek","1391"
1904,"Breukelen","1392"
1904,"Kockengen","1393"
1904,"Nieuwer Ter Aa","1394"
301,"Zutphen","1395"
301,"Warnsveld","1396"
765,"Oude Pekela","1397"
765,"Nieuwe Pekela","1398"
340,"Rhenen","1399"
340,"Elst Ut","1400"
851,"De Heen","1401"
851,"Dinteloord","1402"
851,"Kruisland","1403"
851,"Nieuw-Vossemeer","1404"
851,"Steenbergen","1405"
935,"Maastricht","1406"
1774,"Agelo","1407"
1774,"Denekamp","1408"
1774,"Deurningen","1409"
1774,"Lattrop-Breklenkamp","1410"
1774,"Nutter","1411"
1774,"Ootmarsum","1412"
1774,"Oud Ootmarsum","1413"
1774,"Rossum","1414"
1774,"Saasveld","1415"
1774,"Tilligte","1416"
1774,"Weerselo","1417"
1895,"Beerta","1418"
1895,"Finsterwolde","1419"
1895,"Bad Nieuweschans","1420"
1895,"Nieuw Beerta","1421"
160,"Kloosterhaar","1555"
160,"Loozen","1556"
160,"Lutten","1557"
737,"Oentsjerk","2443"
678,"Schore","1469"
678,"Wemeldinge","1470"
1895,"Winschoten","1471"
983,"Venlo","1473"
983,"Tegelen","1474"
983,"Steyl","1475"
983,"Belfeld","1476"
590,"Papendrecht","1477"
294,"Winterswijk","1478"
294,"Winterswijk Meddo","1479"
294,"Winterswijk Huppel","1480"
294,"Winterswijk Ratum","1481"
1895,"Drieborg","1422"
22,"Tolbert","2345"
22,"Zevenhuizen","2346"
158,"Haaksbergen","2347"
361,"Alkmaar","2348"
361,"Koedijk","2349"
361,"Oudorp","2350"
505,"Dordrecht","2351"
531,"Hendrik-Ido-Ambacht","2352"
733,"Asperen","2353"
733,"Herwijnen","2354"
733,"Heukelum","2355"
733,"Spijk","2356"
733,"Vuren","2357"
951,"Nuth","2358"
951,"Hulsberg","2359"
951,"Schimmert","2360"
951,"Wijnandsrade","2361"
737,"Gytsjerk","2444"
737,"Ryptsjerk","2445"
737,"Mûnein","2446"
737,"Tytsjerk","2447"
294,"Winterswijk Kotten","1482"
294,"Winterswijk Woold","1483"
294,"Winterswijk Miste","1484"
294,"Winterswijk Henxel","1485"
294,"Winterswijk Brinkheurne","1486"
294,"Winterswijk Corle","1487"
1911,"Hippolytushoef","1488"
1911,"Den Oever","1489"
1911,"Westerland","1490"
1900,"Indijk","2411"
1900,"Jutrijp","2412"
1900,"Koufurderrige","2413"
1900,"Nijland","2414"
1900,"Oosthem","2415"
1900,"Oppenhuizen","2416"
1900,"Oudega","2417"
1900,"Sandfirden","2418"
1900,"Scharnegoutum","2419"
1900,"Smallebrugge","2420"
1900,"Tirns","2421"
1900,"Tjalhuizum","2422"
1900,"Uitwellingerga","2423"
1900,"Westhem","2424"
1900,"Wolsum","2425"
1900,"Woudsend","2426"
1900,"Ypecolsga","2427"
707,"Tienhoven","2107"
707,"Meerkerk","2108"
707,"Hei- en Boeicop","2109"
707,"Leerbroek","2110"
707,"Nieuwland","2111"
547,"Leiderdorp","2112"
431,"Oostzaan","2113"
56,"Aduard","2114"
56,"Briltil","2115"
56,"Den Ham","2116"
56,"Den Horn","2117"
56,"Grijpskerk","2118"
56,"Kommerzijl","2119"
56,"Lauwerzijl","2120"
56,"Niehove","2121"
56,"Niezijl","2122"
56,"Noordhorn","2123"
56,"Oldehove","2124"
56,"Pieterzijl","2125"
56,"Saaksum","2126"
56,"Visvliet","2127"
56,"Zuidhorn","2128"
437,"Ouderkerk aan de Amstel","2129"
437,"Duivendrecht","2130"
200,"Apeldoorn","2247"
200,"Klarenbeek","2248"
200,"Hoog Soeren","2249"
109,"Benneveld","2146"
109,"Coevorden","2147"
109,"Dalen","2148"
109,"Dalerpeel","2149"
109,"Dalerveen","2150"
109,"De Kiel","2151"
109,"Diphoorn","2152"
109,"Erm","2153"
770,"Duizel","2992"
770,"Eersel","2993"
770,"Knegsel","2994"
770,"Steensel","2995"
770,"Vessem","2996"
770,"Wintelre","2997"
484,"Boskoop","2998"
1696,"Ankeveen","2999"
1696,"'s-Graveland","3000"
1696,"Kortenhoef","3001"
1696,"Loosdrecht","3002"
1696,"Nederhorst den Berg","3003"
1955,"Loerbeek","2209"
1955,"Stokkum","2210"
1955,"Vethuizen","2211"
1701,"Ansen","3104"
1701,"Boschoord","3105"
1701,"Darp","3106"
1701,"Diever","3107"
1701,"Dieverbrug","3108"
200,"Lieren","2250"
200,"Loenen","2251"
200,"Radio Kootwijk","2252"
200,"Wenum Wiesel","2253"
200,"Beemte Broekland","2254"
200,"Uddel","2255"
200,"Ugchelen","2256"
109,"Gees","2154"
109,"Geesbrug","2155"
109,"Holsloot","2156"
109,"Meppen","2157"
109,"Nieuwlande Coevorden","2158"
109,"Noord-Sleen","2159"
109,"Oosterhesselen","2160"
109,"Schoonoord","2161"
109,"Sleen","2162"
109,"Stieltjeskanaal","2163"
109,"'t Haantje","2164"
109,"Wachtum","2165"
109,"Wezup","2166"
109,"Wezuperbrug","2167"
109,"Zweeloo","2168"
109,"Zwinderen","2169"
370,"Middenbeemster","2170"
370,"Noordbeemster","2171"
370,"Westbeemster","2172"
370,"Zuidoostbeemster","2173"
15,"Doezum","2174"
15,"Grootegast","2175"
1696,"Breukeleveen","3004"
1731,"Balinge","3005"
1731,"Beilen","3006"
1731,"Bovensmilde","3007"
1731,"Bruntinge","3008"
1731,"Drijber","3009"
1731,"Elp","3010"
1731,"Eursinge","3011"
1731,"Garminge","3012"
1731,"Hijken","3013"
1731,"Hoogersmilde","3014"
1731,"Hooghalen","3015"
1731,"Mantinge","3016"
1731,"Nieuweroord","3017"
1731,"Nieuw-Balinge","3018"
1701,"Doldersum","3109"
1701,"Dwingeloo","3110"
1701,"Frederiksoord","3111"
1701,"Geeuwenbrug","3112"
1701,"Havelte","3113"
200,"Hoenderloo","2257"
200,"Beekbergen","2258"
25,"Boerakker","2259"
25,"De Wilp","2260"
25,"Jonkersvaart","2261"
25,"Lucaswolde","2262"
25,"Marum","2263"
25,"Niebert","2264"
25,"Noordwijk","2265"
25,"Nuis","2266"
383,"Akersloot","2267"
383,"Castricum","2268"
15,"Kornhorn","2176"
15,"Lutjegast","2177"
15,"Niekerk","2178"
15,"Oldekerk","2179"
15,"Opende","2180"
15,"Sebaldeburen","2181"
74,"Terband","2182"
74,"Luinjeberd","2183"
74,"Tjalleberd","2184"
74,"Gersloot","2185"
74,"Heerenveen","2186"
74,"Nieuweschoot","2187"
74,"Oudeschoot","2188"
74,"Oranjewoud","2189"
74,"De Knipe","2190"
74,"Mildam","2191"
74,"Katlijk","2192"
74,"Bontebok","2193"
74,"Nieuwehorne","2194"
74,"Oudehorne","2195"
74,"Jubbega","2196"
74,"Hoornsterzwaag","2197"
1896,"Genemuiden","2198"
1896,"Hasselt","2199"
1896,"Mastenbroek","2200"
1896,"Zwartsluis","2201"
1955,"Azewijn","2202"
1955,"Beek","2203"
1731,"Oranje","3019"
1731,"Orvelte","3020"
1731,"Smilde","3021"
1731,"Spier","3022"
1731,"Stuifzand","3023"
1701,"Havelterberg","3114"
1701,"Hoogersmilde","3115"
1701,"Nijensleek","3116"
1701,"Oude Willem","3117"
1701,"Pesse","3118"
383,"de Woude","2269"
383,"Limmen","2270"
545,"Leerdam","2271"
545,"Schoonrewoerd","2272"
545,"Kedichem","2273"
545,"Oosterwijk","2274"
1955,"Braamt","2204"
1955,"Didam","2205"
1955,"'s-Heerenberg","2206"
1955,"Kilder","2207"
1955,"Lengel","2208"
1731,"Tiendeveen","3024"
1731,"Westerbork","3025"
1731,"Wijster","3026"
1731,"Witteveen","3027"
1731,"Zuidveld","3028"
1731,"Zwiggelte","3029"
268,"Nijmegen","3030"
523,"Hardinxveld-Giessendam","3031"
1930,"Spijkenisse","3032"
1930,"Hekelingen","3033"
1884,"Hoogmade","3034"
1884,"Kaag","3035"
1884,"Leimuiden","3036"
715,"Hoek","1130"
715,"Koewacht","1131"
715,"Overslag","1132"
715,"Philippine","1133"
715,"Sas van Gent","1134"
715,"Sluiskil","1135"
1701,"Ruinen","3119"
1701,"Spier","3120"
1701,"Uffelte","3121"
1701,"Vledder","3122"
1690,"Veeningen","3171"
1690,"Zuidwolde","3172"
59,"Augustinusga","3173"
59,"Boelenslaan","3174"
59,"Buitenpost","3175"
59,"Drogeham","3176"
59,"Gerkesklooster","3177"
59,"Harkema","3178"
59,"Kootstertille","3179"
59,"Stroobos","3180"
59,"Surhuisterveen","3181"
59,"Surhuizum","3182"
59,"Twijzel","3183"
59,"Twijzelerheide","3184"
1911,"Anna Paulowna","3185"
815,"Wilbertoord","1979"
1927,"Bleskensgraaf ca","1980"
1927,"Brandwijk","1981"
1927,"Goudriaan","1982"
1927,"Molenaarsgraaf","1983"
1927,"Ottoland","1984"
1927,"Oud-Alblas","1985"
1927,"Wijngaarden","1986"
114,"Barger-Compascuum","1987"
114,"Emmen","1988"
114,"Emmer-Compascuum","1989"
114,"Erica","1990"
114,"Klazienaveen","1991"
114,"Klazienaveen-Noord","1992"
114,"Nieuw-Amsterdam","1993"
114,"Nieuw-Dordrecht","1994"
114,"Nieuw-Schoonebeek","1995"
114,"Nieuw-Weerdinge","1996"
114,"Roswinkel","1997"
114,"Schoonebeek","1998"
114,"Veenoord","1999"
114,"Weiteveen","2000"
715,"Spui","1136"
715,"Terneuzen","1137"
715,"Westdorpe","1138"
715,"Zaamslag","1139"
715,"Zuiddorpe","1140"
1926,"Pijnacker","1141"
1926,"Nootdorp","1142"
1926,"Delfgauw","1143"
542,"Krimpen aan den IJssel","1144"
153,"Enschede","1145"
794,"Helmond","1146"
1680,"Amen","1147"
1680,"Anderen","1148"
1680,"Anloo","1149"
1680,"Annen","1150"
1701,"Vledderveen","3123"
1701,"Wapse","3124"
1701,"Wapserveen","3125"
1701,"Wateren","3126"
1924,"Achthuizen","2131"
1924,"Den Bommel","2132"
1924,"Ooltgensplaat","2133"
1924,"Oude-Tonge","2134"
279,"Scherpenzeel","2135"
820,"Nuenen","2136"
530,"Hellevoetsluis","2137"
503,"Delft","2138"
1894,"Meijel","2140"
339,"Renswoude","2141"
221,"Doesburg","2142"
114,"Zandpol","2001"
114,"Zwartemeer","2002"
1525,"Sassenheim","2003"
1525,"Voorhout","2004"
1525,"Warmond","2005"
289,"Wageningen","2006"
273,"Putten","2007"
80,"Baard","2009"
80,"Bears","2010"
1900,"Boazum","2011"
1900,"Britswert","2012"
225,"Deest","2903"
225,"Druten","2904"
225,"Horssen","2905"
225,"Puiflijk","2906"
392,"Haarlem","2907"
1680,"Annerveenschekanaal","1151"
1680,"Balloo","1152"
1680,"Balloërveld","1153"
1680,"Deurze","1154"
1680,"Eext","1155"
1680,"Eexterveen","1156"
1680,"Eexterveenschekanaal","1157"
1680,"Eexterzandvoort","1158"
1680,"Ekehaar","1159"
1680,"Eldersloo","1160"
1701,"Wilhelminaoord","3127"
1701,"Wittelte","3128"
1701,"Zorgvlied","3129"
1705,"Huissen","3130"
1705,"Bemmel","3131"
1705,"Gendt","3132"
1705,"Angeren","3133"
1705,"Doornenburg","3134"
184,"Urk","2143"
384,"Diemen","2144"
1884,"Nieuwe Wetering","3037"
1884,"Oud Ade","3038"
1884,"Oude Wetering","3039"
1884,"Rijnsaterwoude","3040"
1884,"Rijpwetering","3041"
1884,"Roelofarendsveen","3042"
1884,"Woubrugge","3043"
373,"Groet","3044"
373,"Schoorl","3045"
373,"Bergen aan Zee","3046"
373,"Bergen (NH)","3047"
373,"Egmond aan den Hoef","3048"
373,"Egmond aan Zee","3049"
373,"Egmond-Binnen","3050"
627,"Waddinxveen","3051"
809,"Kaatsheuvel","3052"
392,"Spaarndam gem. Haarlem","2908"
1730,"Eelde","2909"
1730,"Paterswolde","2910"
1730,"Eelderwolde","2911"
1730,"Vries","2912"
1730,"Zuidlaren","2913"
1730,"Bunne","2914"
1730,"De Punt","2915"
1730,"Donderen","2916"
1730,"Oudemolen","2917"
1730,"Taarlo","2918"
1730,"Tynaarlo","2919"
1730,"Winde","2920"
1680,"Eleveld","1161"
1680,"Gasselte","1162"
1680,"Gasselternijveen","1163"
1680,"Gasselternijveenschemond","1164"
1680,"Gasteren","1165"
1680,"Geelbroek","1166"
1680,"Gieten","1167"
1680,"Gieterveen","1168"
1680,"Grolloo","1169"
1680,"Marwijksoord","1170"
1680,"Nieuw Annerveen","1171"
1680,"Nieuwediep","1172"
1705,"Loo Gld","3135"
1705,"Haalderen","3136"
1705,"Ressen","3137"
755,"Boekel","3138"
755,"Venhorst","3139"
983,"Arcen","3140"
809,"Loon op Zand","3053"
809,"De Moer","3054"
882,"Landgraaf","3055"
400,"Den Helder","3056"
400,"Huisduinen","3057"
400,"Julianadorp","3058"
1721,"Heesch","3059"
1721,"Heeswijk-Dinther","3060"
1730,"Yde","2921"
1730,"Zeegse","2922"
1730,"Zeijen","2923"
1730,"De Groeve","2924"
1730,"Zuidlaarderveen","2925"
1730,"Midlaren","2926"
277,"Rozendaal","2927"
743,"Asten","2928"
743,"Heusden","2929"
743,"Ommel","2930"
1924,"Goedereede","2931"
1924,"Ouddorp","2932"
1924,"Stellendam","2933"
310,"De Bilt","2934"
310,"Bilthoven","2935"
310,"Maartensdijk","2936"
310,"Groenekan","2937"
310,"Hollandsche Rading","2938"
310,"Westbroek","2939"
1640,"Baexem","2940"
1640,"Buggenum","2941"
1640,"Ell","2942"
1640,"Grathem","2943"
1640,"Haelen","2944"
1640,"Haler","2945"
1680,"Nijlande","1173"
1680,"Nooitgedacht","1174"
1680,"Oud Annerveen","1175"
1680,"Papenvoort","1176"
1680,"Rolde","1177"
1680,"Schipborg","1178"
983,"Lomm","3141"
1721,"Loosbroek","3061"
1721,"Nistelrode","3062"
1721,"Vinkel","3063"
1640,"Heibloem","2946"
1640,"Heythuysen","2947"
1640,"Horn","2948"
1640,"Hunsel","2949"
1640,"Ittervoort","2950"
1640,"Kelpen-Oler","2951"
1640,"Neer","2952"
1640,"Neeritter","2953"
1640,"Nunhem","2954"
1640,"Roggel","2955"
826,"Oosterhout","2956"
826,"Oosteind","2957"
826,"Den Hout","2958"
826,"Dorst","2959"
1714,"Oostburg","2960"
1714,"Aardenburg","2961"
1714,"Sluis","2962"
1714,"Waterlandkerkje","2963"
1714,"Cadzand","2964"
1714,"Breskens","2965"
1714,"Eede","2966"
1714,"Groede","2967"
1714,"Hoofdplaat","2968"
1714,"Nieuwvliet","2969"
1728,"Hapert","1065"
1728,"Hoogeloon","1066"
1728,"Casteren","1067"
1728,"Netersel","1068"
556,"Maassluis","1069"
14,"Groningen","1070"
632,"Woerden","1071"
632,"Harmelen","1072"
632,"Kamerik","1073"
632,"Zegveld","1074"
50,"Zeewolde","1075"
1680,"Schoonloo","1179"
1680,"Spijkerboor","1180"
1680,"Vredenheim","1181"
193,"Zwolle","1182"
1598,"Avenhorn","1183"
1598,"Berkhout","1184"
983,"Velden","3142"
1924,"Middelharnis","3143"
1924,"Nieuwe-Tonge","3144"
1924,"Sommelsdijk","3145"
1924,"Stad aan 't Haringvliet","3146"
420,"Abbekerk","3147"
420,"Benningbroek","3148"
420,"Hauwert","3149"
420,"Lambertschaag","3150"
420,"Medemblik","3151"
420,"Midwoud","3152"
420,"Nibbixwoud","3153"
420,"Oostwoud","3154"
420,"Opperdoes","3155"
420,"Sijbekarspel","3156"
420,"Twisk","3157"
420,"Wognum","3158"
420,"Zwaagdijk-West","3159"
1690,"Alteveer","3160"
1690,"Ansen","3161"
1690,"de Wijk","3162"
1690,"Drogteropslagen","3163"
1690,"Echten","3164"
1690,"Eursinge","3165"
1690,"Kerkenveld","3166"
1721,"Vorstenbosch","3064"
965,"Simpelveld","3065"
965,"Bocholtz","3066"
965,"Baneheide","3067"
718,"Oost-Souburg","1076"
718,"Ritthem","1077"
718,"Vlissingen","1078"
484,"Aarlanderveen","1079"
484,"Alphen aan den Rijn","1080"
484,"Zwammerdam","1081"
119,"Meppel","1082"
119,"Nijeveen","1083"
1598,"De Goorn","1185"
1598,"Hensbroek","1186"
1598,"Obdam","1187"
1598,"Oudendijk","1188"
1598,"Scharwoude","1189"
1598,"Spierdijk","1190"
1598,"Ursem","1191"
1598,"Zuidermeer","1192"
197,"Aalten","1193"
1690,"Koekange","3167"
1690,"Linde","3168"
1690,"Ruinen","3169"
1690,"Ruinerwold","3170"
1729,"Gulpen","1225"
1729,"Ingber","1226"
1729,"Reijmerstok","1227"
1729,"Heijenrath","1228"
1729,"Slenaken","1229"
1729,"Beutenaken","1230"
1729,"Mechelen","1231"
1729,"Epen","1232"
1729,"Wittem","1233"
1729,"Eys","1234"
1729,"Elkenrade","1235"
1729,"Wijlre","1236"
148,"Dalfsen","1237"
148,"Lemelerveld","1238"
148,"Nieuwleusen","1239"
47,"Veendam","1240"
47,"Wildervank","1241"
47,"Borgercompagnie","1242"
399,"Heiloo","1243"
1892,"Moordrecht","1244"
518,"'s-Gravenhage","1245"
1655,"Oudenbosch","1246"
1655,"Stampersgat","1247"
1655,"Oud Gastel","1248"
1655,"Bosschenhoofd","1249"
1655,"Hoeven","1250"
654,"Baarland","1251"
654,"Borssele","1252"
654,"Driewegen","1253"
269,"'t Loo Oldebroek","3068"
269,"Hattemerbroek","3069"
269,"Noordeinde Gld","3070"
269,"Oldebroek","3071"
269,"Oosterwolde Gld","3072"
269,"Wezep","3073"
37,"Stadskanaal","3074"
37,"Musselkanaal","3075"
37,"Onstwedde","3076"
37,"Mussel","3077"
119,"Rogat","1084"
119,"De Schiphorst","1085"
119,"Broekhuizen","1086"
189,"Wierden","1087"
189,"Enter","1088"
189,"Hoge Hexel","1089"
189,"Notter","1090"
189,"Zuna","1091"
308,"Baarn","1092"
308,"Lage Vuursche","1093"
1740,"Dodewaard","1094"
1740,"Echteld","1095"
1740,"Kesteren","1096"
1740,"Ochten","1097"
1740,"Opheusden","1098"
1740,"IJzendoorn","1099"
858,"Valkenswaard","1100"
772,"Eindhoven","1101"
532,"Bovenkarspel","1102"
532,"Grootebroek","1103"
197,"Bredevoort","1194"
1900,"Bolsward","2079"
1702,"Landhorst","2080"
654,"Ellewoutsdijk","1254"
654,"Heinkenszand","1255"
654,"Hoedekenskerke","1256"
654,"Kwadendamme","1257"
654,"Lewedorp","1258"
654,"Nieuwdorp","1259"
654,"Nisse","1260"
654,"Oudelande","1261"
654,"Ovezande","1262"
654,"'s-Gravenpolder","1263"
654,"'s-Heer Abtskerke","1264"
654,"'s-Heerenhoek","1265"
17,"Haren Gn","1266"
17,"Glimmen","1267"
17,"Noordlaren","1268"
17,"Onnen","1269"
34,"Almere","1270"
37,"Vledderveen","3078"
37,"Alteveer","3079"
599,"Botlek Rotterdam","3080"
599,"Europoort Rotterdam","3081"
599,"Hoek van Holland","3082"
599,"Hoogvliet Rotterdam","3083"
599,"Maasvlakte Rotterdam","3084"
599,"Pernis Rotterdam","3085"
599,"Rotterdam","3086"
599,"Vondelingenplaat Rotterdam","3087"
677,"Hulst","3088"
677,"Sint Jansteen","3089"
677,"Kapellebrug","3090"
677,"Heikant","3091"
677,"Clinge","3092"
677,"Nieuw Namen","3093"
677,"Graauw","3094"
677,"Vogelwaarde","3095"
677,"Terhole","3096"
677,"Kuitaart","3097"
677,"Hengstdijk","3098"
677,"Lamswaarde","3099"
677,"Kloosterzande","3100"
677,"Walsoorden","3101"
677,"Ossenisse","3102"
439,"Purmerend","3103"
197,"De Heurne","1195"
197,"Dinxperlo","1196"
80,"Leeuwarden","1197"
80,"Lekkum","1198"
80,"Miedum","1199"
80,"Snakkerburen","1200"
80,"Goutum","1201"
532,"Lutjebroek","1104"
502,"Capelle aan den IJssel","1105"
420,"Wervershoof","1106"
420,"Zwaagdijk-Oost","1107"
356,"Nieuwegein","1108"
213,"Empe","1109"
213,"Tonden","1110"
213,"Brummen","1111"
213,"Leuvenheim","1112"
213,"Hall","1113"
213,"Eerbeek","1114"
416,"Sint Pancras","1115"
416,"Broek op Langedijk","1116"
416,"Zuid-Scharwoude","1117"
416,"Noord-Scharwoude","1118"
416,"Oudkarspel","1119"
416,"Koedijk","1120"
893,"Bergen L","1121"
893,"Afferden L","1122"
893,"Siebengewald","1123"
893,"Well L","1124"
893,"Wellerlooi","1125"
1771,"Geldrop","1126"
1771,"Mierlo","1127"
715,"Axel","1128"
715,"Biervliet","1129"
1900,"Easterein","2013"
80,"Easterlittens","2014"
1900,"Easterwierrum","2015"
1702,"Ledeacker","2081"
1702,"Oploo","2082"
171,"Emmeloord","1271"
171,"Bant","1272"
171,"Luttelgeest","1273"
80,"Hempens","1202"
80,"Teerns","1203"
80,"Swichum","1204"
80,"Wirdum","1205"
80,"Wytgaard","1206"
823,"Oirschot","1207"
823,"Oost West en Middelbeers","1208"
614,"Oostvoorne","1209"
614,"Rockanje","1210"
614,"Tinte","1211"
1892,"Moerkapelle","1212"
1892,"Zevenhuizen","1213"
756,"Beugen","1214"
1900,"Hidaard","2016"
80,"Hilaard","2017"
1900,"Hinnaard","2018"
80,"Húns","2019"
1900,"Iens","2020"
1900,"Itens","2021"
80,"Jellum","2022"
80,"Jorwert","2023"
1900,"Kûbaard","2024"
80,"Leons","2025"
1900,"Lytsewierrum","2026"
80,"Mantgum","2027"
1900,"Reahûs","2028"
1900,"Rien","2029"
1900,"Waaksens","2031"
80,"Weidum","2032"
1900,"Wiuwert","2034"
1900,"Wommels","2036"
946,"Nederweert","2037"
946,"Ospel","2038"
946,"Nederweert-Eind","2039"
946,"Leveroy","2040"
1711,"Echt","2041"
1711,"Koningsbosch","2042"
1711,"Maria Hoop","2043"
1711,"Sint Joost","2044"
1711,"Susteren","2045"
1711,"Roosteren","2046"
1711,"Nieuwstadt","2047"
345,"Veenendaal","2048"
147,"Borne","2049"
147,"Hertme","2050"
147,"Zenderen","2051"
216,"Culemborg","2052"
321,"Houten","2053"
321,"'t Goy","2054"
321,"Tull en 't Waal","2055"
321,"Schalkwijk","2056"
845,"Berlicum","2057"
845,"Den Dungen","2058"
845,"Gemonde","2059"
845,"Sint-Michielsgestel","2060"
575,"Noordwijk","2061"
451,"Uithoorn","2062"
1702,"Sint Anthonis","2083"
1702,"Stevensbeek","2084"
171,"Marknesse","1274"
171,"Kraggenburg","1275"
171,"Ens","1276"
756,"Boxmeer","1215"
756,"Groeningen","1216"
756,"Holthees","1217"
756,"Maashees","1218"
451,"De Kwakel","2063"
1904,"Maarssen","2064"
1904,"Tienhoven","2065"
1904,"Oud Zuilen","2066"
784,"Gilze","2067"
784,"Hulten","2068"
784,"Molenschot","2069"
784,"Rijen","2070"
716,"Tholen","2071"
716,"Poortvliet","2072"
716,"Scherpenisse","2073"
716,"Sint-Maartensdijk","2074"
716,"Stavenisse","2075"
716,"Sint-Annaland","2076"
716,"Oud-Vossemeer","2077"
716,"Sint Philipsland","2078"
1714,"Retranchement","2970"
1714,"Schoondijke","2971"
1714,"Zuidzande","2972"
1714,"Sint Kruis","2973"
1714,"IJzendijke","2974"
1714,"Biervliet","2975"
299,"Aerdt","2976"
299,"Herwen","2977"
299,"Lobith","2978"
299,"Pannerden","2979"
299,"Spijk","2980"
299,"Tolkamer","2981"
1702,"Wanroij","2085"
1702,"Westerbeek","2086"
1702,"Rijkevoort-De Walsert","2087"
546,"Leiden","2088"
1652,"Gemert","2089"
1652,"Bakel","2090"
171,"Schokland","1277"
171,"Nagele","1278"
171,"Tollebeek","1279"
171,"Espel","1280"
171,"Creil","1281"
171,"Rutten","1282"
183,"Albergen","1283"
183,"Fleringen","1284"
183,"Geesteren","1285"
183,"Haarle","1286"
183,"Harbrinkhoek","1287"
183,"Hezingen","1288"
183,"Langeveen","1289"
183,"Mander","1290"
1955,"Wijnbergen","2212"
1955,"Zeddam","2213"
870,"Dussen","2214"
756,"Oeffelt","1219"
756,"Overloon","1220"
756,"Rijkevoort","1221"
302,"Nunspeet","2982"
302,"Elspeet","2983"
302,"Hulshorst","2984"
302,"Vierhouten","2985"
274,"Doorwerth","2986"
1652,"Milheeze","2091"
1652,"Handel","2092"
1652,"De Mortel","2093"
870,"Hank","2215"
870,"Nieuwendijk","2216"
870,"Sleeuwijk","2217"
870,"Werkendam","2218"
1904,"Loenen aan de Vecht","2219"
1904,"Loenersloot","2220"
1904,"Nieuwersluis","2221"
1904,"Nigtevecht","2222"
1904,"Vreeland","2223"
1586,"Groenlo","2224"
1586,"Lievelde","2225"
1586,"Vragender","2226"
1586,"Lichtenvoorde","2227"
1586,"Harreveld","2228"
1586,"Zieuwent","2229"
1586,"Mariënvelde","2230"
313,"Bunschoten-Spakenburg","2237"
313,"Eemdijk","2238"
756,"Sambeek","1222"
756,"Vierlingsbeek","1223"
756,"Vortum-Mullem","1224"
109,"Aalden","2145"
274,"Heelsum","2987"
274,"Heveadorp","2988"
274,"Wolfheze","2989"
274,"Oosterbeek","2990"
274,"Renkum","2991"
1652,"De Rips","2094"
1652,"Elsendorp","2095"
226,"Duiven","2096"
226,"Groessen","2097"
226,"Loo Gld","2098"
962,"Amstenrade","2099"
962,"Doenrade","2100"
962,"Oirsbeek","2101"
962,"Puth","2102"
962,"Schinnen","2103"
962,"Sweikhuizen","2104"
707,"Lexmond","2105"
707,"Ameide","2106"
